{
"lengthUnit": "mil",
"remark": [],
"components": {
	"fields": ["COMPONENT_NO", "COMPONENT_NAME", "LAYER", "X_COORDINATE", "Y_COORDINATE", "ANGLE"],
	"rows": [
		[1, "C1", "T", -180, 330, 270],
		[2, "R1", "T", 400, -10, 90],
		[3, "R2", "T", -34.66, 465.34, 0],
		[4, "SW2", "T", -15, 345, 180],
		[5, "U4", "B", -150, -270, 44.999],
		[6, "U5", "T", 5, -120, 0],
		[7, "U6", "T", -240, -615, 270],
		[8, "U7", "B", 165, -260, 135],
		[9, "U8", "B", 160, 45, 225.002],
		[10, "U9", "B", -145, 40, 316.974],
		[11, "U10", "B", 10, -325, 90],
		[12, "U11", "B", 230, -105, 180],
		[13, "U12", "B", 10, 100, 270],
		[14, "U13", "B", -220, -105, 0],
		[15, "U14", "B", -425, -495, 0],
		[16, "U15", "B", 280, -600, 180],
		[17, "U16", "B", 545, -80, 180],
		[18, "U17", "B", 105, 460, 0],
		[19, "U18", "B", -215, -630, 180],
		[20, "U19", "B", 395, -440, 180],
		[21, "U20", "B", 565.0015, 139.9985, 180],
		[22, "U21", "B", -120, 400, 0],
		[23, "U22", "B", -490, 150, 0],
		[24, "U23", "B", -490, -65, 0],
		[25, "PAD1", "T", -185, -450, 0],
		[26, "PAD2", "T", -75, -450, 0],
		[27, "PAD3", "B", -141.6487, -237.9894, 0],
		[28, "PAD4", "B", -117.9892, -261.6495, 0],
		[29, "PAD5", "B", -158.3513, -302.0106, 0],
		[30, "PAD6", "B", -182.0108, -278.3505, 0],
		[31, "PAD7", "T", -180, 302.44, 0],
		[32, "PAD8", "T", -180, 357.56, 0],
		[33, "PAD9", "T", -280.435, -120, 0],
		[34, "PAD10", "T", 290.435, -120, 0],
		[35, "PAD11", "T", 4.995, -120, 0],
		[36, "PAD12", "T", -315.79, -595.32, 0],
		[37, "PAD13", "T", -315.79, -615, 0],
		[38, "PAD14", "T", -315.79, -654.37, 0],
		[39, "PAD15", "T", -279.37, -690.79, 0],
		[40, "PAD16", "T", -220.32, -690.79, 0],
		[41, "PAD17", "T", -200.63, -690.79, 0],
		[42, "PAD18", "T", -164.21, -615, 0],
		[43, "PAD19", "T", -164.21, -575.63, 0],
		[44, "PAD20", "T", -200.63, -539.21, 0],
		[45, "PAD21", "T", -259.69, -539.21, 0],
		[46, "PAD22", "T", -180.95, -688.82, 0],
		[47, "PAD23", "T", -166.18, -555.95, 0],
		[48, "PAD24", "T", -299.06, -688.82, 0],
		[49, "PAD25", "T", -313.82, -674.06, 0],
		[50, "PAD26", "B", 132.9892, -251.6493, 0],
		[51, "PAD27", "B", 156.6488, -227.9893, 0],
		[52, "PAD28", "B", 197.0108, -268.3507, 0],
		[53, "PAD29", "B", 173.3512, -292.0107, 0],
		[54, "PAD30", "B", 151.65, 12.989, 0],
		[55, "PAD31", "B", 127.9895, 36.6481, 0],
		[56, "PAD32", "B", 168.35, 77.011, 0],
		[57, "PAD33", "B", 192.0105, 53.3519, 0],
		[58, "PAD34", "B", -112.7206, 32.7568, 0],
		[59, "PAD35", "B", -135.5512, 8.296, 0],
		[60, "PAD36", "B", -177.2794, 47.2432, 0],
		[61, "PAD37", "B", -154.4488, 71.704, 0],
		[62, "PAD38", "B", -6.73, -296.46, 0],
		[63, "PAD39", "B", 26.73, -296.46, 0],
		[64, "PAD40", "B", 26.73, -353.54, 0],
		[65, "PAD41", "B", -6.73, -353.54, 0],
		[66, "PAD42", "B", 201.46, -121.73, 0],
		[67, "PAD43", "B", 201.46, -88.27, 0],
		[68, "PAD44", "B", 258.54, -88.27, 0],
		[69, "PAD45", "B", 258.54, -121.73, 0],
		[70, "PAD46", "B", 26.73, 71.46, 0],
		[71, "PAD47", "B", -6.73, 71.46, 0],
		[72, "PAD48", "B", -6.73, 128.54, 0],
		[73, "PAD49", "B", 26.73, 128.54, 0],
		[74, "PAD50", "B", -191.46, -88.27, 0],
		[75, "PAD51", "B", -191.46, -121.73, 0],
		[76, "PAD52", "B", -248.54, -121.73, 0],
		[77, "PAD53", "B", -248.54, -88.27, 0],
		[78, "PAD54", "B", -396.46, -478.27, 0],
		[79, "PAD55", "B", -396.46, -511.73, 0],
		[80, "PAD56", "B", -453.54, -511.73, 0],
		[81, "PAD57", "B", -453.54, -478.27, 0],
		[82, "PAD58", "B", 251.46, -616.73, 0],
		[83, "PAD59", "B", 251.46, -583.27, 0],
		[84, "PAD60", "B", 308.54, -583.27, 0],
		[85, "PAD61", "B", 308.54, -616.73, 0],
		[86, "PAD62", "B", 516.46, -96.73, 0],
		[87, "PAD63", "B", 516.46, -63.27, 0],
		[88, "PAD64", "B", 573.54, -63.27, 0],
		[89, "PAD65", "B", 573.54, -96.73, 0],
		[90, "PAD66", "B", 133.54, 476.73, 0],
		[91, "PAD67", "B", 133.54, 443.27, 0],
		[92, "PAD68", "B", 76.46, 443.27, 0],
		[93, "PAD69", "B", 76.46, 476.73, 0],
		[94, "PAD70", "B", -243.54, -646.73, 0],
		[95, "PAD71", "B", -243.54, -613.27, 0],
		[96, "PAD72", "B", -186.46, -613.27, 0],
		[97, "PAD73", "B", -186.46, -646.73, 0],
		[98, "PAD74", "B", 366.46, -456.73, 0],
		[99, "PAD75", "B", 366.46, -423.27, 0],
		[100, "PAD76", "B", 423.54, -423.27, 0],
		[101, "PAD77", "B", 423.54, -456.73, 0],
		[102, "PAD78", "B", 536.4615, 123.2685, 0],
		[103, "PAD79", "B", 536.4615, 156.7285, 0],
		[104, "PAD80", "B", 593.5415, 156.7285, 0],
		[105, "PAD81", "B", 593.5415, 123.2685, 0],
		[106, "PAD82", "B", -91.46, 416.73, 0],
		[107, "PAD83", "B", -91.46, 383.27, 0],
		[108, "PAD84", "B", -148.54, 383.27, 0],
		[109, "PAD85", "B", -148.54, 416.73, 0],
		[110, "PAD86", "B", -461.46, 166.73, 0],
		[111, "PAD87", "B", -461.46, 133.27, 0],
		[112, "PAD88", "B", -518.54, 133.27, 0],
		[113, "PAD89", "B", -518.54, 166.73, 0],
		[114, "PAD90", "B", -461.46, -48.27, 0],
		[115, "PAD91", "B", -461.46, -81.73, 0],
		[116, "PAD92", "B", -518.54, -81.73, 0],
		[117, "PAD93", "B", -518.54, -48.27, 0],
		[118, "PAD94", "T", 400, 19.66, 0],
		[119, "PAD95", "T", 400, -39.66, 0],
		[120, "PAD96", "T", -133.11, 272.17, 0],
		[121, "PAD97", "T", 103.11, 417.83, 0],
		[122, "PAD98", "T", -133.11, 417.83, 0],
		[123, "PAD99", "T", -5, 465.34, 0],
		[124, "PAD100", "T", -64.32, 465.34, 0]
	]
},
"pins": {
	"fields": ["PIN_NO", "PIN_NAME", "PIN_X", "PIN_Y", "LAYER", "PIN_TYPE", "NET_NAME", "NET_TYPE", "PAD_SHAPE", "PAD_SIZEX", "PAD_SIZEY", "HOLE_SIZE", "HOLE_LEN", "PAD_ANGLE"],
	"rows": [
		[1, "C1_1", -180, 357.56, "T", "SMD", "GND", "GND", "R", 31.496, 35.433, 0, 0, 270],
		[2, "C1_2", -180, 302.44, "T", "SMD", "VCC", "", "R", 31.496, 35.433, 0, 0, 270],
		[3, "R1_1", 400, -39.66, "T", "SMD", "VCC", "", "R", 31.751, 34.016, 0, 0, 90],
		[4, "R1_2", 400, 19.66, "T", "SMD", "$1N202", "", "R", 31.751, 34.016, 0, 0, 90],
		[5, "R2_1", -64.32, 465.34, "T", "SMD", "GND", "GND", "R", 31.751, 34.016, 0, 0, 0],
		[6, "R2_2", -5, 465.34, "T", "SMD", "$1N2071", "", "R", 31.751, 34.016, 0, 0, 0],
		[7, "SW2_1", 103.11, 272.17, "T", "SMD", "NET_1", "", "R", 39.37, 29.528, 0, 0, 180],
		[8, "SW2_2", -133.11, 272.17, "T", "SMD", "VCC", "", "R", 39.37, 29.528, 0, 0, 180],
		[9, "SW2_3", 103.11, 417.83, "T", "SMD", "$1N2071", "", "R", 39.37, 29.528, 0, 0, 180],
		[10, "SW2_4", -133.11, 417.83, "T", "SMD", "$1N757", "", "R", 39.37, 29.528, 0, 0, 180],
		[11, "U4_1", -182.0108, -278.3505, "B", "SMD", "LED1", "", "R", 33.465, 25.591, 0, 0, 224.999],
		[12, "U4_2", -158.3513, -302.0106, "B", "SMD", "LED2", "", "R", 33.465, 25.591, 0, 0, 224.999],
		[13, "U4_3", -117.9892, -261.6495, "B", "SMD", "$1N202", "", "R", 33.465, 25.591, 0, 0, 224.999],
		[14, "U4_4", -141.6487, -237.9894, "B", "SMD", "LED3", "", "R", 33.465, 25.591, 0, 0, 224.999],
		[15, "U5_1", -280.435, -120, "T", "SMD", "VCC", "", "R", 51.181, 216.535, 0, 0, 0],
		[16, "U5_1", 290.435, -120, "T", "SMD", "VCC", "", "R", 51.181, 216.535, 0, 0, 0],
		[17, "U5_2", 4.995, -120, "T", "SMD", "GND", "GND", "C", 275.59, 275.59, 0, 0, 0],
		[18, "U6_1", -313.82, -555.95, "T", "SMD", "NET_2", "", "P", 26.577, 11.812, 0, 0, 270],
		[19, "U6_2", -315.79, -575.63, "T", "SMD", "NET_3", "", "R", 11.811, 27.559, 0, 0, 270],
		[20, "U6_3", -315.79, -595.32, "T", "SMD", "VCC", "", "R", 11.811, 27.559, 0, 0, 270],
		[21, "U6_4", -315.79, -615, "T", "SMD", "GND", "GND", "R", 11.811, 27.559, 0, 0, 270],
		[22, "U6_5", -315.79, -634.69, "T", "SMD", "NET_4", "", "R", 11.811, 27.559, 0, 0, 270],
		[23, "U6_6", -315.79, -654.37, "T", "SMD", "$1N757", "", "R", 11.811, 27.559, 0, 0, 270],
		[24, "U6_7", -313.82, -674.06, "T", "SMD", "LED9", "", "P", 26.574, 11.812, 0, 0, 270],
		[25, "U6_8", -299.06, -688.82, "T", "SMD", "LED8", "", "P", 11.812, 26.577, 0, 0, 270],
		[26, "U6_9", -279.37, -690.79, "T", "SMD", "LED7", "", "R", 27.559, 11.811, 0, 0, 270],
		[27, "U6_10", -259.69, -690.79, "T", "SMD", "NET_5", "", "R", 27.559, 11.811, 0, 0, 270],
		[28, "U6_11", -240, -690.79, "T", "SMD", "NET_6", "", "R", 27.559, 11.811, 0, 0, 270],
		[29, "U6_12", -220.32, -690.79, "T", "SMD", "LED5", "", "R", 27.559, 11.811, 0, 0, 270],
		[30, "U6_13", -200.63, -690.79, "T", "SMD", "LED3", "", "R", 27.559, 11.811, 0, 0, 270],
		[31, "U6_14", -180.95, -688.82, "T", "SMD", "LED6", "", "P", 11.812, 26.574, 0, 0, 270],
		[32, "U6_15", -166.18, -674.06, "T", "SMD", "NET_7", "", "P", 26.577, 11.812, 0, 0, 270],
		[33, "U6_16", -164.21, -654.37, "T", "SMD", "NET_8", "", "R", 11.811, 27.559, 0, 0, 270],
		[34, "U6_17", -164.21, -634.69, "T", "SMD", "NET_9", "", "R", 11.811, 27.559, 0, 0, 270],
		[35, "U6_18", -164.21, -615, "T", "SMD", "LED4", "", "R", 11.811, 27.559, 0, 0, 270],
		[36, "U6_19", -164.21, -595.32, "T", "SMD", "NET_10", "", "R", 11.811, 27.559, 0, 0, 270],
		[37, "U6_20", -164.21, -575.63, "T", "SMD", "DIO", "", "R", 11.811, 27.559, 0, 0, 270],
		[38, "U6_21", -166.18, -555.95, "T", "SMD", "CLK", "", "P", 26.574, 11.812, 0, 0, 270],
		[39, "U6_22", -180.95, -541.18, "T", "SMD", "NET_11", "", "P", 11.813, 26.577, 0, 0, 270],
		[40, "U6_23", -200.63, -539.21, "T", "SMD", "LED2", "", "P", 11.811, 27.56, 0, 0, 270],
		[41, "U6_24", -220.32, -539.21, "T", "SMD", "NET_12", "", "R", 27.559, 11.811, 0, 0, 270],
		[42, "U6_25", -240, -539.21, "T", "SMD", "NET_13", "", "R", 27.559, 11.811, 0, 0, 270],
		[43, "U6_26", -259.69, -539.21, "T", "SMD", "LED1", "", "R", 27.559, 11.811, 0, 0, 270],
		[44, "U6_27", -279.37, -539.21, "T", "SMD", "NET_14", "", "R", 27.559, 11.811, 0, 0, 270],
		[45, "U6_28", -299.06, -541.18, "T", "SMD", "NET_15", "", "P", 11.812, 26.574, 0, 0, 270],
		[46, "U7_1", 173.3512, -292.0107, "B", "SMD", "LED1", "", "R", 33.465, 25.591, 0, 0, 315],
		[47, "U7_2", 197.0108, -268.3507, "B", "SMD", "LED2", "", "R", 33.465, 25.591, 0, 0, 315],
		[48, "U7_3", 156.6488, -227.9893, "B", "SMD", "$1N202", "", "R", 33.465, 25.591, 0, 0, 315],
		[49, "U7_4", 132.9892, -251.6493, "B", "SMD", "LED3", "", "R", 33.465, 25.591, 0, 0, 315],
		[50, "U8_1", 192.0105, 53.3519, "B", "SMD", "LED1", "", "R", 33.465, 25.591, 0, 0, 45.002],
		[51, "U8_2", 168.35, 77.011, "B", "SMD", "LED2", "", "R", 33.465, 25.591, 0, 0, 45.002],
		[52, "U8_3", 127.9895, 36.6481, "B", "SMD", "$1N202", "", "R", 33.465, 25.591, 0, 0, 45.002],
		[53, "U8_4", 151.65, 12.989, "B", "SMD", "LED3", "", "R", 33.465, 25.591, 0, 0, 45.002],
		[54, "U9_1", -154.4488, 71.704, "B", "SMD", "LED1", "", "R", 33.465, 25.591, 0, 0, 136.974],
		[55, "U9_2", -177.2794, 47.2432, "B", "SMD", "LED2", "", "R", 33.465, 25.591, 0, 0, 136.974],
		[56, "U9_3", -135.5512, 8.296, "B", "SMD", "$1N202", "", "R", 33.465, 25.591, 0, 0, 136.974],
		[57, "U9_4", -112.7206, 32.7568, "B", "SMD", "LED3", "", "R", 33.465, 25.591, 0, 0, 136.974],
		[58, "U10_1", -6.73, -353.54, "B", "SMD", "LED4", "", "R", 33.465, 25.591, 0, 0, 270],
		[59, "U10_2", 26.73, -353.54, "B", "SMD", "LED5", "", "R", 33.465, 25.591, 0, 0, 270],
		[60, "U10_3", 26.73, -296.46, "B", "SMD", "$1N202", "", "R", 33.465, 25.591, 0, 0, 270],
		[61, "U10_4", -6.73, -296.46, "B", "SMD", "LED6", "", "R", 33.465, 25.591, 0, 0, 270],
		[62, "U11_1", 258.54, -121.73, "B", "SMD", "LED4", "", "R", 33.465, 25.591, 0, 0, 0],
		[63, "U11_2", 258.54, -88.27, "B", "SMD", "LED5", "", "R", 33.465, 25.591, 0, 0, 0],
		[64, "U11_3", 201.46, -88.27, "B", "SMD", "$1N202", "", "R", 33.465, 25.591, 0, 0, 0],
		[65, "U11_4", 201.46, -121.73, "B", "SMD", "LED6", "", "R", 33.465, 25.591, 0, 0, 0],
		[66, "U12_1", 26.73, 128.54, "B", "SMD", "LED4", "", "R", 33.465, 25.591, 0, 0, 90],
		[67, "U12_2", -6.73, 128.54, "B", "SMD", "LED5", "", "R", 33.465, 25.591, 0, 0, 90],
		[68, "U12_3", -6.73, 71.46, "B", "SMD", "$1N202", "", "R", 33.465, 25.591, 0, 0, 90],
		[69, "U12_4", 26.73, 71.46, "B", "SMD", "LED6", "", "R", 33.465, 25.591, 0, 0, 90],
		[70, "U13_1", -248.54, -88.27, "B", "SMD", "LED4", "", "R", 33.465, 25.591, 0, 0, 180],
		[71, "U13_2", -248.54, -121.73, "B", "SMD", "LED5", "", "R", 33.465, 25.591, 0, 0, 180],
		[72, "U13_3", -191.46, -121.73, "B", "SMD", "$1N202", "", "R", 33.465, 25.591, 0, 0, 180],
		[73, "U13_4", -191.46, -88.27, "B", "SMD", "LED6", "", "R", 33.465, 25.591, 0, 0, 180],
		[74, "U14_1", -453.54, -478.27, "B", "SMD", "LED7", "", "R", 33.465, 25.591, 0, 0, 180],
		[75, "U14_2", -453.54, -511.73, "B", "SMD", "LED8", "", "R", 33.465, 25.591, 0, 0, 180],
		[76, "U14_3", -396.46, -511.73, "B", "SMD", "$1N202", "", "R", 33.465, 25.591, 0, 0, 180],
		[77, "U14_4", -396.46, -478.27, "B", "SMD", "LED9", "", "R", 33.465, 25.591, 0, 0, 180],
		[78, "U15_1", 308.54, -616.73, "B", "SMD", "LED7", "", "R", 33.465, 25.591, 0, 0, 0],
		[79, "U15_2", 308.54, -583.27, "B", "SMD", "LED8", "", "R", 33.465, 25.591, 0, 0, 0],
		[80, "U15_3", 251.46, -583.27, "B", "SMD", "$1N202", "", "R", 33.465, 25.591, 0, 0, 0],
		[81, "U15_4", 251.46, -616.73, "B", "SMD", "LED9", "", "R", 33.465, 25.591, 0, 0, 0],
		[82, "U16_1", 573.54, -96.73, "B", "SMD", "LED7", "", "R", 33.465, 25.591, 0, 0, 0],
		[83, "U16_2", 573.54, -63.27, "B", "SMD", "LED8", "", "R", 33.465, 25.591, 0, 0, 0],
		[84, "U16_3", 516.46, -63.27, "B", "SMD", "$1N202", "", "R", 33.465, 25.591, 0, 0, 0],
		[85, "U16_4", 516.46, -96.73, "B", "SMD", "LED9", "", "R", 33.465, 25.591, 0, 0, 0],
		[86, "U17_1", 76.46, 476.73, "B", "SMD", "LED7", "", "R", 33.465, 25.591, 0, 0, 180],
		[87, "U17_2", 76.46, 443.27, "B", "SMD", "LED8", "", "R", 33.465, 25.591, 0, 0, 180],
		[88, "U17_3", 133.54, 443.27, "B", "SMD", "$1N202", "", "R", 33.465, 25.591, 0, 0, 180],
		[89, "U17_4", 133.54, 476.73, "B", "SMD", "LED9", "", "R", 33.465, 25.591, 0, 0, 180],
		[90, "U18_1", -186.46, -646.73, "B", "SMD", "LED7", "", "R", 33.465, 25.591, 0, 0, 0],
		[91, "U18_2", -186.46, -613.27, "B", "SMD", "LED8", "", "R", 33.465, 25.591, 0, 0, 0],
		[92, "U18_3", -243.54, -613.27, "B", "SMD", "$1N202", "", "R", 33.465, 25.591, 0, 0, 0],
		[93, "U18_4", -243.54, -646.73, "B", "SMD", "LED9", "", "R", 33.465, 25.591, 0, 0, 0],
		[94, "U19_1", 423.54, -456.73, "B", "SMD", "LED7", "", "R", 33.465, 25.591, 0, 0, 0],
		[95, "U19_2", 423.54, -423.27, "B", "SMD", "LED8", "", "R", 33.465, 25.591, 0, 0, 0],
		[96, "U19_3", 366.46, -423.27, "B", "SMD", "$1N202", "", "R", 33.465, 25.591, 0, 0, 0],
		[97, "U19_4", 366.46, -456.73, "B", "SMD", "LED9", "", "R", 33.465, 25.591, 0, 0, 0],
		[98, "U20_1", 593.5415, 123.2685, "B", "SMD", "LED7", "", "R", 33.465, 25.591, 0, 0, 0],
		[99, "U20_2", 593.5415, 156.7285, "B", "SMD", "LED8", "", "R", 33.465, 25.591, 0, 0, 0],
		[100, "U20_3", 536.4615, 156.7285, "B", "SMD", "$1N202", "", "R", 33.465, 25.591, 0, 0, 0],
		[101, "U20_4", 536.4615, 123.2685, "B", "SMD", "LED9", "", "R", 33.465, 25.591, 0, 0, 0],
		[102, "U21_1", -148.54, 416.73, "B", "SMD", "LED7", "", "R", 33.465, 25.591, 0, 0, 180],
		[103, "U21_2", -148.54, 383.27, "B", "SMD", "LED8", "", "R", 33.465, 25.591, 0, 0, 180],
		[104, "U21_3", -91.46, 383.27, "B", "SMD", "$1N202", "", "R", 33.465, 25.591, 0, 0, 180],
		[105, "U21_4", -91.46, 416.73, "B", "SMD", "LED9", "", "R", 33.465, 25.591, 0, 0, 180],
		[106, "U22_1", -518.54, 166.73, "B", "SMD", "LED7", "", "R", 33.465, 25.591, 0, 0, 180],
		[107, "U22_2", -518.54, 133.27, "B", "SMD", "LED8", "", "R", 33.465, 25.591, 0, 0, 180],
		[108, "U22_3", -461.46, 133.27, "B", "SMD", "$1N202", "", "R", 33.465, 25.591, 0, 0, 180],
		[109, "U22_4", -461.46, 166.73, "B", "SMD", "LED9", "", "R", 33.465, 25.591, 0, 0, 180],
		[110, "U23_1", -518.54, -48.27, "B", "SMD", "LED7", "", "R", 33.465, 25.591, 0, 0, 180],
		[111, "U23_2", -518.54, -81.73, "B", "SMD", "LED8", "", "R", 33.465, 25.591, 0, 0, 180],
		[112, "U23_3", -461.46, -81.73, "B", "SMD", "$1N202", "", "R", 33.465, 25.591, 0, 0, 180],
		[113, "U23_4", -461.46, -48.27, "B", "SMD", "LED9", "", "R", 33.465, 25.591, 0, 0, 180],
		[114, "PAD1_1", -185, -450, "T", "SMD", "CLK", "", "C", 39.3701, 39.3701, 0, 0, 0],
		[115, "PAD2_1", -75, -450, "T", "SMD", "DIO", "", "C", 39.3701, 39.3701, 0, 0, 0],
		[116, "PAD3_4", -141.6487, -237.9894, "B", "SMD", "LED3", "", "R", 33.465, 25.591, 0, 0, 224.999],
		[117, "PAD4_3", -117.9892, -261.6495, "B", "SMD", "$1N202", "", "R", 33.465, 25.591, 0, 0, 224.999],
		[118, "PAD5_2", -158.3513, -302.0106, "B", "SMD", "LED2", "", "R", 33.465, 25.591, 0, 0, 224.999],
		[119, "PAD6_1", -182.0108, -278.3505, "B", "SMD", "LED1", "", "R", 33.465, 25.591, 0, 0, 224.999],
		[120, "PAD7_2", -180, 302.44, "T", "SMD", "VCC", "", "R", 31.496, 35.433, 0, 0, 270],
		[121, "PAD8_1", -180, 357.56, "T", "SMD", "GND", "GND", "R", 31.496, 35.433, 0, 0, 270],
		[122, "PAD9_1", -280.435, -120, "T", "SMD", "VCC", "", "R", 51.181, 216.535, 0, 0, 0],
		[123, "PAD10_1", 290.435, -120, "T", "SMD", "VCC", "", "R", 51.181, 216.535, 0, 0, 0],
		[124, "PAD11_2", 4.995, -120, "T", "SMD", "GND", "GND", "C", 275.59, 275.59, 0, 0, 0],
		[125, "PAD12_3", -315.79, -595.32, "T", "SMD", "VCC", "", "R", 11.811, 27.559, 0, 0, 270],
		[126, "PAD13_4", -315.79, -615, "T", "SMD", "GND", "GND", "R", 11.811, 27.559, 0, 0, 270],
		[127, "PAD14_6", -315.79, -654.37, "T", "SMD", "$1N757", "", "R", 11.811, 27.559, 0, 0, 270],
		[128, "PAD15_9", -279.37, -690.79, "T", "SMD", "LED7", "", "R", 27.559, 11.811, 0, 0, 270],
		[129, "PAD16_12", -220.32, -690.79, "T", "SMD", "LED5", "", "R", 27.559, 11.811, 0, 0, 270],
		[130, "PAD17_13", -200.63, -690.79, "T", "SMD", "LED3", "", "R", 27.559, 11.811, 0, 0, 270],
		[131, "PAD18_18", -164.21, -615, "T", "SMD", "LED4", "", "R", 11.811, 27.559, 0, 0, 270],
		[132, "PAD19_20", -164.21, -575.63, "T", "SMD", "DIO", "", "R", 11.811, 27.559, 0, 0, 270],
		[133, "PAD20_23", -200.63, -539.21, "T", "SMD", "LED2", "", "P", 11.811, 27.56, 0, 0, 270],
		[134, "PAD21_26", -259.69, -539.21, "T", "SMD", "LED1", "", "R", 27.559, 11.811, 0, 0, 270],
		[135, "PAD22_14", -180.95, -688.82, "T", "SMD", "LED6", "", "P", 11.812, 26.574, 0, 0, 270],
		[136, "PAD23_21", -166.18, -555.95, "T", "SMD", "CLK", "", "P", 26.574, 11.812, 0, 0, 270],
		[137, "PAD24_8", -299.06, -688.82, "T", "SMD", "LED8", "", "P", 11.812, 26.577, 0, 0, 270],
		[138, "PAD25_7", -313.82, -674.06, "T", "SMD", "LED9", "", "P", 26.574, 11.812, 0, 0, 270],
		[139, "PAD26_4", 132.9892, -251.6493, "B", "SMD", "LED3", "", "R", 33.465, 25.591, 0, 0, 315],
		[140, "PAD27_3", 156.6488, -227.9893, "B", "SMD", "$1N202", "", "R", 33.465, 25.591, 0, 0, 315],
		[141, "PAD28_2", 197.0108, -268.3507, "B", "SMD", "LED2", "", "R", 33.465, 25.591, 0, 0, 315],
		[142, "PAD29_1", 173.3512, -292.0107, "B", "SMD", "LED1", "", "R", 33.465, 25.591, 0, 0, 315],
		[143, "PAD30_4", 151.65, 12.989, "B", "SMD", "LED3", "", "R", 33.465, 25.591, 0, 0, 45.002],
		[144, "PAD31_3", 127.9895, 36.6481, "B", "SMD", "$1N202", "", "R", 33.465, 25.591, 0, 0, 45.002],
		[145, "PAD32_2", 168.35, 77.011, "B", "SMD", "LED2", "", "R", 33.465, 25.591, 0, 0, 45.002],
		[146, "PAD33_1", 192.0105, 53.3519, "B", "SMD", "LED1", "", "R", 33.465, 25.591, 0, 0, 45.002],
		[147, "PAD34_4", -112.7206, 32.7568, "B", "SMD", "LED3", "", "R", 33.465, 25.591, 0, 0, 136.974],
		[148, "PAD35_3", -135.5512, 8.296, "B", "SMD", "$1N202", "", "R", 33.465, 25.591, 0, 0, 136.974],
		[149, "PAD36_2", -177.2794, 47.2432, "B", "SMD", "LED2", "", "R", 33.465, 25.591, 0, 0, 136.974],
		[150, "PAD37_1", -154.4488, 71.704, "B", "SMD", "LED1", "", "R", 33.465, 25.591, 0, 0, 136.974],
		[151, "PAD38_4", -6.73, -296.46, "B", "SMD", "LED6", "", "R", 33.465, 25.591, 0, 0, 270],
		[152, "PAD39_3", 26.73, -296.46, "B", "SMD", "$1N202", "", "R", 33.465, 25.591, 0, 0, 270],
		[153, "PAD40_2", 26.73, -353.54, "B", "SMD", "LED5", "", "R", 33.465, 25.591, 0, 0, 270],
		[154, "PAD41_1", -6.73, -353.54, "B", "SMD", "LED4", "", "R", 33.465, 25.591, 0, 0, 270],
		[155, "PAD42_4", 201.46, -121.73, "B", "SMD", "LED6", "", "R", 33.465, 25.591, 0, 0, 0],
		[156, "PAD43_3", 201.46, -88.27, "B", "SMD", "$1N202", "", "R", 33.465, 25.591, 0, 0, 0],
		[157, "PAD44_2", 258.54, -88.27, "B", "SMD", "LED5", "", "R", 33.465, 25.591, 0, 0, 0],
		[158, "PAD45_1", 258.54, -121.73, "B", "SMD", "LED4", "", "R", 33.465, 25.591, 0, 0, 0],
		[159, "PAD46_4", 26.73, 71.46, "B", "SMD", "LED6", "", "R", 33.465, 25.591, 0, 0, 90],
		[160, "PAD47_3", -6.73, 71.46, "B", "SMD", "$1N202", "", "R", 33.465, 25.591, 0, 0, 90],
		[161, "PAD48_2", -6.73, 128.54, "B", "SMD", "LED5", "", "R", 33.465, 25.591, 0, 0, 90],
		[162, "PAD49_1", 26.73, 128.54, "B", "SMD", "LED4", "", "R", 33.465, 25.591, 0, 0, 90],
		[163, "PAD50_4", -191.46, -88.27, "B", "SMD", "LED6", "", "R", 33.465, 25.591, 0, 0, 180],
		[164, "PAD51_3", -191.46, -121.73, "B", "SMD", "$1N202", "", "R", 33.465, 25.591, 0, 0, 180],
		[165, "PAD52_2", -248.54, -121.73, "B", "SMD", "LED5", "", "R", 33.465, 25.591, 0, 0, 180],
		[166, "PAD53_1", -248.54, -88.27, "B", "SMD", "LED4", "", "R", 33.465, 25.591, 0, 0, 180],
		[167, "PAD54_4", -396.46, -478.27, "B", "SMD", "LED9", "", "R", 33.465, 25.591, 0, 0, 180],
		[168, "PAD55_3", -396.46, -511.73, "B", "SMD", "$1N202", "", "R", 33.465, 25.591, 0, 0, 180],
		[169, "PAD56_2", -453.54, -511.73, "B", "SMD", "LED8", "", "R", 33.465, 25.591, 0, 0, 180],
		[170, "PAD57_1", -453.54, -478.27, "B", "SMD", "LED7", "", "R", 33.465, 25.591, 0, 0, 180],
		[171, "PAD58_4", 251.46, -616.73, "B", "SMD", "LED9", "", "R", 33.465, 25.591, 0, 0, 0],
		[172, "PAD59_3", 251.46, -583.27, "B", "SMD", "$1N202", "", "R", 33.465, 25.591, 0, 0, 0],
		[173, "PAD60_2", 308.54, -583.27, "B", "SMD", "LED8", "", "R", 33.465, 25.591, 0, 0, 0],
		[174, "PAD61_1", 308.54, -616.73, "B", "SMD", "LED7", "", "R", 33.465, 25.591, 0, 0, 0],
		[175, "PAD62_4", 516.46, -96.73, "B", "SMD", "LED9", "", "R", 33.465, 25.591, 0, 0, 0],
		[176, "PAD63_3", 516.46, -63.27, "B", "SMD", "$1N202", "", "R", 33.465, 25.591, 0, 0, 0],
		[177, "PAD64_2", 573.54, -63.27, "B", "SMD", "LED8", "", "R", 33.465, 25.591, 0, 0, 0],
		[178, "PAD65_1", 573.54, -96.73, "B", "SMD", "LED7", "", "R", 33.465, 25.591, 0, 0, 0],
		[179, "PAD66_4", 133.54, 476.73, "B", "SMD", "LED9", "", "R", 33.465, 25.591, 0, 0, 180],
		[180, "PAD67_3", 133.54, 443.27, "B", "SMD", "$1N202", "", "R", 33.465, 25.591, 0, 0, 180],
		[181, "PAD68_2", 76.46, 443.27, "B", "SMD", "LED8", "", "R", 33.465, 25.591, 0, 0, 180],
		[182, "PAD69_1", 76.46, 476.73, "B", "SMD", "LED7", "", "R", 33.465, 25.591, 0, 0, 180],
		[183, "PAD70_4", -243.54, -646.73, "B", "SMD", "LED9", "", "R", 33.465, 25.591, 0, 0, 0],
		[184, "PAD71_3", -243.54, -613.27, "B", "SMD", "$1N202", "", "R", 33.465, 25.591, 0, 0, 0],
		[185, "PAD72_2", -186.46, -613.27, "B", "SMD", "LED8", "", "R", 33.465, 25.591, 0, 0, 0],
		[186, "PAD73_1", -186.46, -646.73, "B", "SMD", "LED7", "", "R", 33.465, 25.591, 0, 0, 0],
		[187, "PAD74_4", 366.46, -456.73, "B", "SMD", "LED9", "", "R", 33.465, 25.591, 0, 0, 0],
		[188, "PAD75_3", 366.46, -423.27, "B", "SMD", "$1N202", "", "R", 33.465, 25.591, 0, 0, 0],
		[189, "PAD76_2", 423.54, -423.27, "B", "SMD", "LED8", "", "R", 33.465, 25.591, 0, 0, 0],
		[190, "PAD77_1", 423.54, -456.73, "B", "SMD", "LED7", "", "R", 33.465, 25.591, 0, 0, 0],
		[191, "PAD78_4", 536.4615, 123.2685, "B", "SMD", "LED9", "", "R", 33.465, 25.591, 0, 0, 0],
		[192, "PAD79_3", 536.4615, 156.7285, "B", "SMD", "$1N202", "", "R", 33.465, 25.591, 0, 0, 0],
		[193, "PAD80_2", 593.5415, 156.7285, "B", "SMD", "LED8", "", "R", 33.465, 25.591, 0, 0, 0],
		[194, "PAD81_1", 593.5415, 123.2685, "B", "SMD", "LED7", "", "R", 33.465, 25.591, 0, 0, 0],
		[195, "PAD82_4", -91.46, 416.73, "B", "SMD", "LED9", "", "R", 33.465, 25.591, 0, 0, 180],
		[196, "PAD83_3", -91.46, 383.27, "B", "SMD", "$1N202", "", "R", 33.465, 25.591, 0, 0, 180],
		[197, "PAD84_2", -148.54, 383.27, "B", "SMD", "LED8", "", "R", 33.465, 25.591, 0, 0, 180],
		[198, "PAD85_1", -148.54, 416.73, "B", "SMD", "LED7", "", "R", 33.465, 25.591, 0, 0, 180],
		[199, "PAD86_4", -461.46, 166.73, "B", "SMD", "LED9", "", "R", 33.465, 25.591, 0, 0, 180],
		[200, "PAD87_3", -461.46, 133.27, "B", "SMD", "$1N202", "", "R", 33.465, 25.591, 0, 0, 180],
		[201, "PAD88_2", -518.54, 133.27, "B", "SMD", "LED8", "", "R", 33.465, 25.591, 0, 0, 180],
		[202, "PAD89_1", -518.54, 166.73, "B", "SMD", "LED7", "", "R", 33.465, 25.591, 0, 0, 180],
		[203, "PAD90_4", -461.46, -48.27, "B", "SMD", "LED9", "", "R", 33.465, 25.591, 0, 0, 180],
		[204, "PAD91_3", -461.46, -81.73, "B", "SMD", "$1N202", "", "R", 33.465, 25.591, 0, 0, 180],
		[205, "PAD92_2", -518.54, -81.73, "B", "SMD", "LED8", "", "R", 33.465, 25.591, 0, 0, 180],
		[206, "PAD93_1", -518.54, -48.27, "B", "SMD", "LED7", "", "R", 33.465, 25.591, 0, 0, 180],
		[207, "PAD94_2", 400, 19.66, "T", "SMD", "$1N202", "", "R", 31.751, 34.016, 0, 0, 90],
		[208, "PAD95_1", 400, -39.66, "T", "SMD", "VCC", "", "R", 31.751, 34.016, 0, 0, 90],
		[209, "PAD96_2", -133.11, 272.17, "T", "SMD", "VCC", "", "R", 39.37, 29.528, 0, 0, 180],
		[210, "PAD97_3", 103.11, 417.83, "T", "SMD", "$1N2071", "", "R", 39.37, 29.528, 0, 0, 180],
		[211, "PAD98_4", -133.11, 417.83, "T", "SMD", "$1N757", "", "R", 39.37, 29.528, 0, 0, 180],
		[212, "PAD99_2", -5, 465.34, "T", "SMD", "$1N2071", "", "R", 31.751, 34.016, 0, 0, 0],
		[213, "PAD100_1", -64.32, 465.34, "T", "SMD", "GND", "GND", "R", 31.751, 34.016, 0, 0, 0]
	]
}
}